transaction_id,line_id,store_id,product_id,transaction_ts
TX-001236,1236,10,211,2025-11-20 09:12:29
TX-000255,255,9,204,2025-11-20 09:16:18
TX-000806,806,7,201,2025-11-20 10:14:43
TX-001300,1300,3,304,2025-11-20 10:20:31
TX-001300,1428,3,207,2025-11-20 10:22:23
TX-001269,1269,1,209,2025-11-20 10:35:29
TX-001049,1049,9,602,2025-11-20 11:01:43
TX-001049,1412,9,404,2025-11-20 11:01:50
TX-000380,380,5,302,2025-11-20 11:13:24
TX-000910,910,7,207,2025-11-20 12:51:41
TX-001033,1033,10,501,2025-11-20 13:10:59
TX-000793,793,9,202,2025-11-20 13:13:14
TX-000494,494,1,202,2025-11-20 13:34:54
TX-000208,208,9,302,2025-11-20 13:46:09
TX-000818,818,5,213,2025-11-20 14:46:04
TX-001347,1347,1,202,2025-11-20 16:52:06
TX-001301,1301,3,404,2025-11-20 21:11:19
TX-000688,688,9,208,2025-11-20 22:27:08
TX-001060,1060,2,501,2025-11-20 22:39:24
TX-000201,201,2,202,2025-11-20 23:03:16
TX-000965,965,8,303,2025-11-20 23:31:39
TX-000438,438,3,203,2025-11-21 01:35:39
TX-000766,766,6,206,2025-11-21 01:36:30
TX-000438,1491,3,206,2025-11-21 01:37:00
TX-000726,726,2,301,2025-11-21 02:52:46
TX-000878,878,3,203,2025-11-21 03:44:03
TX-000674,674,5,403,2025-11-21 04:36:37
TX-000674,1566,5,210,2025-11-21 04:37:28
TX-000992,992,4,203,2025-11-21 05:23:39
TX-000622,622,8,212,2025-11-21 06:04:01
TX-000622,1423,8,404,2025-11-21 06:04:39
TX-000723,723,6,207,2025-11-21 06:09:41
TX-000727,727,2,304,2025-11-21 06:28:37
TX-000488,488,6,209,2025-11-21 06:47:33
TX-000903,903,2,213,2025-11-21 06:57:03
TX-000903,1454,2,205,2025-11-21 06:58:12
TX-000616,616,2,403,2025-11-21 07:41:57
TX-001184,1184,2,201,2025-11-21 08:23:48
TX-000437,437,2,502,2025-11-21 09:55:44
TX-000437,1558,2,211,2025-11-21 09:56:50
TX-000437,1559,2,205,2025-11-21 09:57:23
TX-001322,1322,9,602,2025-11-21 10:23:02
TX-001225,1225,10,303,2025-11-21 10:24:39
TX-000828,828,9,402,2025-11-21 11:12:27
TX-000153,153,3,208,2025-11-21 11:17:15
TX-000153,1570,3,209,2025-11-21 11:17:19
TX-000297,297,5,304,2025-11-21 11:54:30
TX-001388,1388,1,403,2025-11-21 12:31:46
TX-001031,1031,10,209,2025-11-21 13:56:03
TX-000263,263,2,204,2025-11-21 14:42:38
TX-000307,307,2,304,2025-11-21 16:30:24
TX-000418,418,7,601,2025-11-21 17:05:48
TX-000527,527,3,208,2025-11-21 17:27:57
TX-000527,1617,3,212,2025-11-21 17:29:27
TX-000350,350,5,302,2025-11-21 17:32:56
TX-000453,453,6,214,2025-11-21 17:36:54
TX-000349,349,5,502,2025-11-21 18:45:51
TX-001100,1100,9,212,2025-11-21 18:48:02
TX-001316,1316,4,212,2025-11-21 19:06:52
TX-000891,891,6,201,2025-11-21 21:18:16
TX-001227,1227,6,204,2025-11-21 22:33:59
TX-001338,1338,1,302,2025-11-22 00:43:34
TX-000800,800,6,401,2025-11-22 01:08:00
TX-000725,725,3,208,2025-11-22 04:02:56
TX-000017,17,5,207,2025-11-22 04:41:08
TX-001275,1275,8,601,2025-11-22 04:47:51
TX-001275,1583,8,208,2025-11-22 04:50:46
TX-000111,111,2,301,2025-11-22 06:40:47
TX-001268,1268,10,402,2025-11-22 07:04:29
TX-000639,639,7,205,2025-11-22 07:07:24
TX-000826,826,4,304,2025-11-22 09:32:43
TX-000892,892,5,209,2025-11-22 09:46:22
TX-000521,521,6,601,2025-11-22 10:09:54
TX-000521,1472,6,203,2025-11-22 10:10:25
TX-000697,697,9,206,2025-11-22 11:20:17
TX-000857,857,5,201,2025-11-22 12:01:00
TX-000787,787,8,208,2025-11-22 13:42:19
TX-000042,42,8,501,2025-11-22 15:16:21
TX-000948,948,2,203,2025-11-22 15:27:53
TX-001078,1078,10,601,2025-11-22 17:14:11
TX-000006,6,5,601,2025-11-22 17:15:27
TX-001125,1125,3,210,2025-11-22 18:03:44
TX-001113,1113,1,205,2025-11-22 18:38:37
TX-000040,40,5,601,2025-11-22 18:46:32
TX-000705,705,9,303,2025-11-22 19:41:47
TX-000901,901,3,403,2025-11-22 20:09:48
TX-001081,1081,3,304,2025-11-22 21:08:19
TX-001392,1392,4,209,2025-11-22 21:23:54
TX-000253,253,10,207,2025-11-22 22:15:18
TX-000226,226,7,202,2025-11-22 23:54:22
TX-001386,1386,1,202,2025-11-23 00:19:55
TX-000763,763,3,214,2025-11-23 00:22:02
TX-001321,1321,2,211,2025-11-23 01:26:21
TX-000774,774,1,209,2025-11-23 01:32:49
TX-001380,1380,1,303,2025-11-23 02:43:50
TX-000517,517,1,502,2025-11-23 03:12:11
TX-000665,665,7,601,2025-11-23 04:01:23
TX-000013,13,2,402,2025-11-23 04:34:25
TX-000161,161,7,202,2025-11-23 05:41:12
TX-000161,1605,7,206,2025-11-23 05:43:40
TX-000026,26,1,210,2025-11-23 05:52:07
TX-000068,68,9,303,2025-11-23 06:26:25
TX-001394,1394,10,501,2025-11-23 07:03:45
TX-000967,967,8,207,2025-11-23 07:40:30
TX-000138,138,8,201,2025-11-23 07:41:06
TX-000467,467,2,208,2025-11-23 07:57:32
TX-000505,505,3,210,2025-11-23 08:57:00
TX-000505,1515,3,202,2025-11-23 08:59:29
TX-000036,36,5,205,2025-11-23 09:04:28
TX-001197,1197,1,214,2025-11-23 09:18:16
TX-000244,244,7,206,2025-11-23 09:31:26
TX-000066,66,10,204,2025-11-23 10:09:16
TX-000531,531,1,401,2025-11-23 10:49:48
TX-000629,629,7,401,2025-11-23 11:54:15
TX-001066,1066,10,502,2025-11-23 12:42:14
TX-000137,137,1,502,2025-11-23 12:43:49
TX-001066,1621,10,202,2025-11-23 12:43:49
TX-000137,1487,1,206,2025-11-23 12:45:15
TX-000922,922,1,403,2025-11-23 13:57:15
TX-000683,683,1,501,2025-11-23 14:37:15
TX-000246,246,2,209,2025-11-23 15:27:56
TX-001353,1353,1,202,2025-11-23 15:33:52
TX-000129,129,3,601,2025-11-23 17:06:52
TX-000021,21,1,211,2025-11-23 18:23:14
TX-000913,913,1,401,2025-11-23 18:41:09
TX-000264,264,4,502,2025-11-23 18:55:24
TX-001289,1289,5,203,2025-11-23 18:57:57
TX-001289,1599,5,401,2025-11-23 18:58:49
TX-000767,767,3,404,2025-11-23 19:23:52
TX-000671,671,4,404,2025-11-23 21:22:06
TX-000007,7,9,204,2025-11-23 21:23:39
TX-000569,569,5,210,2025-11-23 21:31:20
TX-000573,573,7,501,2025-11-23 22:11:30
TX-001237,1237,4,201,2025-11-23 22:12:42
TX-001237,1604,4,209,2025-11-23 22:13:06
TX-000100,100,5,207,2025-11-23 22:17:06
TX-000928,928,4,303,2025-11-23 23:44:25
TX-000928,1432,4,206,2025-11-23 23:44:47
TX-001006,1006,6,301,2025-11-23 23:55:49
TX-001006,1619,6,303,2025-11-23 23:56:42
TX-001153,1153,3,501,2025-11-24 00:34:48
TX-001071,1071,2,501,2025-11-24 02:00:47
TX-000995,995,3,213,2025-11-24 02:05:14
TX-000942,942,1,204,2025-11-24 02:24:30
TX-000953,953,9,401,2025-11-24 03:15:40
TX-000953,1520,9,304,2025-11-24 03:16:30
TX-000113,113,3,303,2025-11-24 03:26:03
TX-000367,367,4,404,2025-11-24 06:50:01
TX-001112,1112,7,404,2025-11-24 06:52:44
TX-000173,173,8,301,2025-11-24 06:53:02
TX-001329,1329,7,301,2025-11-24 07:28:44
TX-000089,89,4,403,2025-11-24 08:22:04
TX-000195,195,3,212,2025-11-24 09:41:03
TX-000679,679,7,210,2025-11-24 10:34:01
TX-000809,809,4,602,2025-11-24 10:44:22
TX-000809,1536,4,209,2025-11-24 10:45:17
TX-000636,636,5,204,2025-11-24 10:56:18
TX-000833,833,1,207,2025-11-24 11:25:46
TX-000775,775,6,401,2025-11-24 11:25:55
TX-000387,387,1,301,2025-11-24 11:46:26
TX-000413,413,3,302,2025-11-24 11:56:17
TX-001265,1265,7,601,2025-11-24 12:02:10
TX-000890,890,2,201,2025-11-24 12:08:20
TX-000989,989,3,304,2025-11-24 13:01:38
TX-000285,285,1,210,2025-11-24 13:03:46
TX-000989,1603,3,212,2025-11-24 13:04:30
TX-000018,18,9,213,2025-11-24 13:08:08
TX-000404,404,10,303,2025-11-24 14:04:15
TX-000676,676,3,212,2025-11-24 16:11:12
TX-000663,663,7,214,2025-11-24 17:13:51
TX-000822,822,10,304,2025-11-24 17:34:13
TX-001008,1008,1,210,2025-11-24 18:12:38
TX-000023,23,9,304,2025-11-24 18:41:17
TX-001171,1171,1,601,2025-11-24 18:41:24
TX-000023,1517,9,203,2025-11-24 18:43:27
TX-000819,819,6,401,2025-11-24 18:50:59
TX-000313,313,5,214,2025-11-24 19:02:05
TX-001175,1175,5,213,2025-11-24 19:07:57
TX-000919,919,5,401,2025-11-24 20:07:12
TX-000613,613,1,210,2025-11-24 20:24:49
TX-001211,1211,3,205,2025-11-24 20:53:04
TX-001211,1455,3,301,2025-11-24 20:55:30
TX-000131,131,5,209,2025-11-24 22:02:50
TX-000595,595,3,403,2025-11-24 22:39:50
TX-000010,10,7,209,2025-11-24 22:40:10
TX-000010,1462,7,404,2025-11-24 22:40:11
TX-000063,63,5,212,2025-11-25 02:30:53
TX-000523,523,9,209,2025-11-25 02:52:53
TX-000523,1613,9,208,2025-11-25 02:54:33
TX-000523,1614,9,206,2025-11-25 02:54:52
TX-001288,1288,7,402,2025-11-25 04:51:41
TX-000971,971,2,402,2025-11-25 04:56:53
TX-000259,259,9,205,2025-11-25 07:12:52
TX-001080,1080,8,401,2025-11-25 07:30:02
TX-000369,369,8,204,2025-11-25 08:01:18
TX-000287,287,1,207,2025-11-25 08:03:25
TX-000254,254,9,214,2025-11-25 08:16:51
TX-000442,442,3,212,2025-11-25 08:44:17
TX-000057,57,9,213,2025-11-25 09:04:06
TX-000240,240,1,211,2025-11-25 09:37:46
TX-000635,635,3,302,2025-11-25 11:04:37
TX-000896,896,7,601,2025-11-25 11:14:11
TX-000514,514,4,301,2025-11-25 12:37:35
TX-000737,737,3,602,2025-11-25 12:49:36
TX-001255,1255,2,213,2025-11-25 15:51:59
TX-001368,1368,6,501,2025-11-25 16:00:12
TX-001249,1249,1,301,2025-11-25 16:02:52
TX-000702,702,1,202,2025-11-25 16:31:12
TX-000250,250,9,302,2025-11-25 17:04:32
TX-001287,1287,4,207,2025-11-25 19:38:38
TX-001022,1022,10,210,2025-11-25 20:16:43
TX-000630,630,2,213,2025-11-25 20:28:47
TX-000278,278,2,205,2025-11-25 23:23:47
TX-000278,1588,2,212,2025-11-25 23:23:53
TX-000159,159,6,402,2025-11-26 01:25:35
TX-000050,50,10,210,2025-11-26 02:14:16
TX-000101,101,8,213,2025-11-26 02:33:23
TX-000984,984,3,304,2025-11-26 03:03:57
TX-001149,1149,1,602,2025-11-26 04:30:36
TX-000390,390,2,214,2025-11-26 04:41:52
TX-000390,1447,2,210,2025-11-26 04:43:29
TX-001055,1055,9,210,2025-11-26 04:51:29
TX-000503,503,2,403,2025-11-26 05:12:08
TX-001046,1046,6,301,2025-11-26 05:52:10
TX-000565,565,8,208,2025-11-26 06:41:59
TX-000686,686,1,212,2025-11-26 06:45:52
TX-000578,578,1,209,2025-11-26 07:32:52
TX-000277,277,5,201,2025-11-26 08:07:17
TX-000029,29,5,302,2025-11-26 09:14:23
TX-000217,217,5,204,2025-11-26 11:12:29
TX-001271,1271,8,304,2025-11-26 11:23:41
TX-001202,1202,6,210,2025-11-26 11:39:12
TX-000417,417,5,601,2025-11-26 13:00:37
TX-001226,1226,10,403,2025-11-26 13:15:12
TX-001129,1129,8,201,2025-11-26 13:19:42
TX-001129,1469,8,304,2025-11-26 13:21:24
TX-001279,1279,1,214,2025-11-26 14:05:31
TX-000696,696,5,501,2025-11-26 15:33:28
TX-000165,165,8,202,2025-11-26 15:41:32
TX-000645,645,8,204,2025-11-26 15:56:35
TX-000765,765,5,211,2025-11-26 16:14:58
TX-000483,483,3,204,2025-11-26 17:21:00
TX-000436,436,6,209,2025-11-26 17:36:26
TX-000436,1538,6,204,2025-11-26 17:37:21
TX-000466,466,4,302,2025-11-26 17:42:42
TX-001015,1015,3,211,2025-11-26 19:29:45
TX-000893,893,1,213,2025-11-26 20:03:53
TX-000045,45,3,211,2025-11-26 20:09:35
TX-000964,964,10,403,2025-11-26 20:28:12
TX-000180,180,8,204,2025-11-27 00:31:49
TX-000563,563,5,201,2025-11-27 00:46:23
TX-000590,590,2,201,2025-11-27 00:54:47
TX-001120,1120,7,301,2025-11-27 02:26:55
TX-000446,446,1,404,2025-11-27 03:14:19
TX-000869,869,3,501,2025-11-27 03:18:18
TX-001167,1167,7,208,2025-11-27 03:38:28
TX-000760,760,8,204,2025-11-27 03:47:03
TX-001041,1041,1,213,2025-11-27 04:56:08
TX-001041,1408,1,206,2025-11-27 04:58:28
TX-000499,499,1,601,2025-11-27 05:55:41
TX-001009,1009,9,205,2025-11-27 06:08:23
TX-001390,1390,6,502,2025-11-27 06:20:18
TX-000587,587,8,203,2025-11-27 07:34:57
TX-000823,823,1,202,2025-11-27 08:36:54
TX-000286,286,5,213,2025-11-27 08:54:32
TX-000048,48,9,404,2025-11-27 09:04:09
TX-000856,856,6,212,2025-11-27 09:38:54
TX-000209,209,1,301,2025-11-27 10:43:31
TX-000425,425,3,208,2025-11-27 11:18:19
TX-001383,1383,3,403,2025-11-27 11:32:55
TX-001383,1504,3,209,2025-11-27 11:33:53
TX-000303,303,4,401,2025-11-27 11:48:15
TX-000955,955,5,403,2025-11-27 12:45:45
TX-000269,269,8,214,2025-11-27 14:04:25
TX-000269,1530,8,403,2025-11-27 14:05:05
TX-000269,1531,8,213,2025-11-27 14:06:42
TX-001087,1087,8,208,2025-11-27 14:29:52
TX-000655,655,1,403,2025-11-27 15:01:34
TX-000851,851,9,214,2025-11-27 15:08:13
TX-000497,497,4,210,2025-11-27 15:31:57
TX-000003,3,2,213,2025-11-27 16:45:07
TX-000194,194,4,401,2025-11-27 16:50:08
TX-000419,419,3,501,2025-11-27 17:06:11
TX-000257,257,1,302,2025-11-27 17:14:11
TX-000197,197,9,301,2025-11-27 17:16:31
TX-000485,485,8,213,2025-11-27 17:54:07
TX-000107,107,10,601,2025-11-27 18:04:29
TX-001252,1252,1,201,2025-11-27 18:10:20
TX-001251,1251,3,205,2025-11-27 20:51:49
TX-001251,1595,3,209,2025-11-27 20:52:26
TX-001251,1596,3,210,2025-11-27 20:52:37
TX-000581,581,4,203,2025-11-27 20:56:36
TX-000839,839,9,203,2025-11-27 21:52:54
TX-000433,433,2,207,2025-11-27 22:39:04
TX-000790,790,3,502,2025-11-28 00:32:21
TX-000415,415,3,401,2025-11-28 02:04:50
TX-001032,1032,10,501,2025-11-28 02:19:28
TX-000295,295,6,601,2025-11-28 05:05:22
TX-000703,703,4,205,2025-11-28 05:06:06
TX-000603,603,9,207,2025-11-28 05:07:17
TX-000603,1460,9,404,2025-11-28 05:07:46
TX-001152,1152,3,205,2025-11-28 05:20:38
TX-000249,249,7,202,2025-11-28 06:05:48
TX-000599,599,2,602,2025-11-28 06:40:12
TX-000773,773,7,213,2025-11-28 07:11:45
TX-000104,104,10,602,2025-11-28 09:11:41
TX-000174,174,3,403,2025-11-28 10:49:50
TX-000320,320,1,202,2025-11-28 11:37:05
TX-001150,1150,8,404,2025-11-28 11:57:23
TX-000157,157,6,207,2025-11-28 12:47:25
TX-000416,416,1,602,2025-11-28 15:04:07
TX-001130,1130,8,302,2025-11-28 15:57:11
TX-000498,498,10,211,2025-11-28 17:47:54
TX-000498,1578,10,204,2025-11-28 17:50:54
TX-001172,1172,10,211,2025-11-28 20:32:04
TX-000196,196,6,303,2025-11-28 22:18:30
TX-000719,719,9,204,2025-11-29 00:16:06
TX-000399,399,3,201,2025-11-29 00:59:34
TX-000085,85,1,304,2025-11-29 02:26:36
TX-000056,56,3,207,2025-11-29 03:33:41
TX-000706,706,5,304,2025-11-29 04:03:01
TX-000642,642,1,403,2025-11-29 04:31:21
TX-000205,205,10,404,2025-11-29 05:26:41
TX-000805,805,3,302,2025-11-29 06:09:41
TX-000492,492,5,501,2025-11-29 06:20:10
TX-000668,668,2,211,2025-11-29 06:36:40
TX-001395,1395,4,303,2025-11-29 07:29:51
TX-000789,789,3,301,2025-11-29 08:57:02
TX-001373,1373,3,211,2025-11-29 11:14:08
TX-000061,61,9,211,2025-11-29 11:53:08
TX-000061,1477,9,209,2025-11-29 11:53:24
TX-000731,731,5,210,2025-11-29 13:43:58
TX-001093,1093,10,601,2025-11-29 14:11:24
TX-000245,245,1,402,2025-11-29 15:04:34
TX-000519,519,3,204,2025-11-29 15:53:16
TX-001294,1294,3,301,2025-11-29 16:20:55
TX-001169,1169,2,304,2025-11-29 17:10:13
TX-000355,355,1,304,2025-11-29 18:36:45
TX-001360,1360,7,304,2025-11-29 18:56:55
TX-001323,1323,2,210,2025-11-29 19:09:38
TX-000449,449,2,304,2025-11-29 19:57:53
TX-000336,336,5,207,2025-11-29 20:21:41
TX-001058,1058,4,304,2025-11-29 21:03:17
TX-000610,610,1,206,2025-11-29 21:03:32
TX-000372,372,3,301,2025-11-29 22:10:45
TX-001346,1346,7,205,2025-11-29 23:46:46
TX-000952,952,4,402,2025-11-30 00:01:29
TX-000754,754,6,210,2025-11-30 00:24:51
TX-000987,987,1,303,2025-11-30 01:08:35
TX-000396,396,1,207,2025-11-30 01:13:26
TX-000538,538,5,303,2025-11-30 01:19:17
TX-000344,344,4,203,2025-11-30 01:55:16
TX-001356,1356,3,205,2025-11-30 02:29:56
TX-000814,814,10,403,2025-11-30 03:09:31
TX-000814,1497,10,202,2025-11-30 03:10:37
TX-000707,707,5,304,2025-11-30 04:04:37
TX-001182,1182,2,207,2025-11-30 04:30:44
TX-001182,1553,2,213,2025-11-30 04:31:08
TX-001182,1552,2,403,2025-11-30 04:31:33
TX-000560,560,1,205,2025-11-30 05:01:57
TX-001110,1110,1,213,2025-11-30 06:01:11
TX-000374,374,5,601,2025-11-30 07:06:44
TX-000298,298,1,502,2025-11-30 08:05:34
TX-000934,934,3,213,2025-11-30 08:05:44
TX-001354,1354,1,208,2025-11-30 08:05:49
TX-000714,714,7,302,2025-11-30 08:51:27
TX-000070,70,2,502,2025-11-30 08:57:33
TX-001154,1154,10,210,2025-11-30 11:11:20
TX-001154,1479,10,214,2025-11-30 11:13:17
TX-000266,266,3,203,2025-11-30 11:16:56
TX-000247,247,1,403,2025-11-30 12:13:36
TX-001001,1001,7,402,2025-11-30 13:28:41
TX-001192,1192,4,208,2025-11-30 13:40:24
TX-001005,1005,7,403,2025-11-30 14:29:36
TX-000452,452,1,501,2025-11-30 14:52:55
TX-000574,574,2,210,2025-11-30 16:48:05
TX-000455,455,4,214,2025-11-30 16:54:23
TX-001387,1387,1,601,2025-11-30 17:06:13
TX-000016,16,10,304,2025-11-30 19:08:29
TX-000751,751,6,304,2025-11-30 19:42:15
TX-001210,1210,1,207,2025-11-30 20:36:55
TX-000973,973,8,602,2025-11-30 22:37:52
TX-000803,803,3,402,2025-11-30 22:49:55
TX-000803,1616,3,205,2025-11-30 22:52:06
TX-000162,162,8,207,2025-11-30 23:13:49
TX-000592,592,8,209,2025-12-01 00:50:18
TX-000592,1476,8,202,2025-12-01 00:51:00
TX-001160,1160,1,403,2025-12-01 01:20:52
TX-001160,1501,1,208,2025-12-01 01:21:01
TX-001160,1502,1,206,2025-12-01 01:21:41
TX-000368,368,6,304,2025-12-01 01:51:26
TX-000041,41,1,404,2025-12-01 02:34:44
TX-000041,1545,1,214,2025-12-01 02:36:12
TX-000041,1544,1,304,2025-12-01 02:37:24
TX-001363,1363,5,304,2025-12-01 02:59:58
TX-000682,682,5,206,2025-12-01 04:07:26
TX-000682,1510,5,209,2025-12-01 04:08:28
TX-000682,1509,5,303,2025-12-01 04:08:56
TX-000323,323,1,303,2025-12-01 04:34:20
TX-000323,1439,1,208,2025-12-01 04:37:03
TX-000330,330,5,302,2025-12-01 04:51:44
TX-000031,31,2,301,2025-12-01 05:05:32
TX-000031,1441,2,210,2025-12-01 05:07:45
TX-001375,1375,9,303,2025-12-01 05:11:29
TX-001297,1297,2,210,2025-12-01 05:29:35
TX-000602,602,3,212,2025-12-01 05:38:36
TX-001250,1250,3,202,2025-12-01 05:44:46
TX-001250,1565,3,212,2025-12-01 05:45:18
TX-000343,343,4,404,2025-12-01 09:10:14
TX-001336,1336,6,501,2025-12-01 09:13:29
TX-000370,370,3,601,2025-12-01 09:17:40
TX-001331,1331,2,214,2025-12-01 10:27:12
TX-000633,633,7,201,2025-12-01 11:17:04
TX-000752,752,5,206,2025-12-01 12:27:50
TX-000889,889,1,204,2025-12-01 12:54:01
TX-000935,935,8,302,2025-12-01 13:49:37
TX-000193,193,2,208,2025-12-01 13:50:41
TX-000193,1419,2,201,2025-12-01 13:52:06
TX-000193,1420,2,213,2025-12-01 13:53:36
TX-001361,1361,3,212,2025-12-01 13:54:42
TX-001025,1025,4,401,2025-12-01 14:34:53
TX-000198,198,7,206,2025-12-01 15:14:57
TX-001272,1272,1,214,2025-12-01 15:58:17
TX-000832,832,7,502,2025-12-01 16:14:34
TX-000200,200,7,602,2025-12-01 16:51:22
TX-001313,1313,1,501,2025-12-01 18:31:28
TX-000931,931,3,213,2025-12-01 18:32:42
TX-000700,700,5,401,2025-12-01 22:47:53
TX-001143,1143,4,201,2025-12-01 23:03:53
TX-001177,1177,7,211,2025-12-01 23:36:09
TX-001177,1587,7,210,2025-12-01 23:36:36
TX-000338,338,1,203,2025-12-01 23:54:24
TX-000458,458,4,212,2025-12-02 01:14:55
TX-000571,571,2,301,2025-12-02 01:21:52
TX-000022,22,8,214,2025-12-02 01:23:33
TX-000784,784,1,211,2025-12-02 03:11:54
TX-001310,1310,5,304,2025-12-02 03:22:01
TX-001170,1170,1,303,2025-12-02 05:22:49
TX-000088,88,5,208,2025-12-02 05:23:34
TX-000799,799,2,403,2025-12-02 05:48:02
TX-000907,907,1,404,2025-12-02 05:55:57
TX-000734,734,2,602,2025-12-02 07:14:14
TX-001315,1315,2,209,2025-12-02 08:50:37
TX-001315,1550,2,301,2025-12-02 08:51:26
TX-001315,1551,2,213,2025-12-02 08:51:32
TX-000167,167,1,202,2025-12-02 09:29:31
TX-000548,548,3,212,2025-12-02 09:32:23
TX-000815,815,2,301,2025-12-02 10:08:59
TX-000083,83,10,209,2025-12-02 10:26:16
TX-001214,1214,4,209,2025-12-02 10:28:10
TX-001214,1542,4,302,2025-12-02 10:28:44
TX-001247,1247,8,602,2025-12-02 10:28:58
TX-001214,1541,4,210,2025-12-02 10:30:40
TX-000518,518,8,207,2025-12-02 10:31:00
TX-001088,1088,2,214,2025-12-02 11:29:03
TX-000724,724,10,203,2025-12-02 12:47:38
TX-001281,1281,1,211,2025-12-02 14:21:40
TX-000454,454,3,210,2025-12-02 14:24:31
TX-000926,926,2,402,2025-12-02 14:49:36
TX-000926,1407,2,214,2025-12-02 14:51:03
TX-000926,1406,2,203,2025-12-02 14:51:28
TX-000271,271,3,402,2025-12-02 14:54:05
TX-000588,588,1,213,2025-12-02 15:53:31
TX-001064,1064,7,205,2025-12-02 16:00:49
TX-001064,1457,7,212,2025-12-02 16:01:40
TX-000957,957,10,502,2025-12-02 16:51:42
TX-000771,771,5,304,2025-12-02 18:47:18
TX-001136,1136,3,204,2025-12-02 18:57:42
TX-001330,1330,8,402,2025-12-02 20:43:30
TX-001179,1179,2,204,2025-12-02 22:00:30
TX-000653,653,4,207,2025-12-02 22:18:04
TX-000354,354,4,213,2025-12-02 22:57:36
TX-000462,462,2,204,2025-12-02 23:10:54
TX-000555,555,6,202,2025-12-02 23:26:48
TX-001140,1140,10,203,2025-12-03 00:07:08
TX-000678,678,4,501,2025-12-03 00:33:53
TX-001296,1296,8,502,2025-12-03 00:56:57
TX-000316,316,4,202,2025-12-03 01:13:16
TX-000316,1592,4,205,2025-12-03 01:15:27
TX-000316,1591,4,502,2025-12-03 01:15:53
TX-001012,1012,1,301,2025-12-03 02:01:46
TX-000704,704,8,502,2025-12-03 02:07:48
TX-000206,206,4,404,2025-12-03 03:07:19
TX-000206,1554,4,206,2025-12-03 03:07:53
TX-000794,794,4,602,2025-12-03 03:42:01
TX-000909,909,1,213,2025-12-03 04:20:27
TX-000820,820,6,403,2025-12-03 04:46:43
TX-000684,684,6,402,2025-12-03 05:06:27
TX-000291,291,3,201,2025-12-03 05:27:50
TX-000291,1424,3,404,2025-12-03 05:30:02
TX-001364,1364,4,207,2025-12-03 05:46:22
TX-000930,930,1,602,2025-12-03 06:23:51
TX-000637,637,4,304,2025-12-03 06:24:17
TX-000637,1593,4,204,2025-12-03 06:26:42
TX-001089,1089,10,302,2025-12-03 06:35:44
TX-000694,694,1,207,2025-12-03 09:04:45
TX-000999,999,6,212,2025-12-03 10:00:30
TX-000969,969,1,601,2025-12-03 10:08:34
TX-000672,672,9,304,2025-12-03 10:19:06
TX-000791,791,7,205,2025-12-03 10:27:01
TX-000791,1568,7,206,2025-12-03 10:29:41
TX-000133,133,10,213,2025-12-03 11:30:07
TX-001194,1194,1,214,2025-12-03 11:51:08
TX-001194,1575,1,204,2025-12-03 11:52:39
TX-001194,1574,1,212,2025-12-03 11:54:02
TX-000643,643,3,211,2025-12-03 12:05:33
TX-000720,720,6,502,2025-12-03 12:10:53
TX-001212,1212,7,401,2025-12-03 12:45:43
TX-000638,638,2,204,2025-12-03 13:48:37
TX-000638,1508,2,206,2025-12-03 13:49:59
TX-001076,1076,4,213,2025-12-03 17:34:44
TX-000520,520,3,211,2025-12-03 19:37:54
TX-000540,540,3,601,2025-12-03 19:56:40
TX-001199,1199,10,214,2025-12-03 20:19:47
TX-000178,178,3,202,2025-12-03 20:42:21
TX-000185,185,4,302,2025-12-03 21:23:02
TX-000185,1571,4,210,2025-12-03 21:23:26
TX-000185,1572,4,208,2025-12-03 21:23:53
TX-001305,1305,4,211,2025-12-03 21:35:48
TX-000811,811,4,602,2025-12-03 21:58:32
TX-000664,664,5,205,2025-12-03 22:07:52
TX-000352,352,1,404,2025-12-03 22:32:46
TX-001020,1020,9,201,2025-12-03 22:43:12
TX-001079,1079,5,213,2025-12-03 23:57:59
TX-001134,1134,9,211,2025-12-04 01:15:28
TX-000207,207,2,211,2025-12-04 01:28:23
TX-000782,782,2,602,2025-12-04 01:28:33
TX-000207,1516,2,209,2025-12-04 01:28:54
TX-000852,852,3,205,2025-12-04 04:05:22
TX-000147,147,4,303,2025-12-04 04:34:40
TX-000979,979,2,403,2025-12-04 05:40:56
TX-001084,1084,1,205,2025-12-04 05:46:30
TX-001123,1123,3,404,2025-12-04 06:27:24
TX-000946,946,6,304,2025-12-04 07:45:03
TX-000164,164,1,602,2025-12-04 07:52:56
TX-000098,98,10,303,2025-12-04 08:28:18
TX-000098,1607,10,213,2025-12-04 08:28:52
TX-000098,1608,10,304,2025-12-04 08:31:12
TX-000993,993,5,204,2025-12-04 10:23:43
TX-000046,46,4,209,2025-12-04 10:25:09
TX-001063,1063,5,302,2025-12-04 10:40:47
TX-000715,715,6,303,2025-12-04 10:49:43
TX-000976,976,4,502,2025-12-04 11:52:20
TX-001349,1349,5,208,2025-12-04 13:20:03
TX-000456,456,2,601,2025-12-04 14:19:51
TX-000786,786,3,207,2025-12-04 14:26:16
TX-000786,1534,3,208,2025-12-04 14:28:32
TX-001367,1367,6,304,2025-12-04 16:37:18
TX-000627,627,4,403,2025-12-04 17:13:44
TX-001135,1135,1,204,2025-12-04 19:55:45
TX-001135,1600,1,206,2025-12-04 19:56:29
TX-000310,310,4,203,2025-12-04 20:17:58
TX-000829,829,1,213,2025-12-04 22:06:46
TX-000082,82,2,213,2025-12-04 22:15:13
TX-000091,91,1,402,2025-12-04 22:48:56
TX-001290,1290,4,211,2025-12-04 22:55:56
TX-001290,1416,4,402,2025-12-04 22:56:04
TX-001290,1415,4,202,2025-12-04 22:57:45
TX-001144,1144,4,210,2025-12-04 23:29:58
TX-001303,1303,6,207,2025-12-05 00:17:51
TX-001039,1039,9,205,2025-12-05 00:47:54
TX-000576,576,4,206,2025-12-05 01:45:51
TX-001278,1278,6,209,2025-12-05 02:55:55
TX-000830,830,6,211,2025-12-05 03:28:14
TX-000961,961,7,212,2025-12-05 03:40:18
TX-000711,711,4,402,2025-12-05 04:21:25
TX-001320,1320,1,303,2025-12-05 07:08:39
TX-000749,749,9,203,2025-12-05 07:35:35
TX-000052,52,5,208,2025-12-05 08:24:26
TX-000802,802,1,205,2025-12-05 09:38:58
TX-000141,141,3,214,2025-12-05 09:43:07
TX-000988,988,5,204,2025-12-05 12:07:38
TX-001357,1357,8,601,2025-12-05 12:10:30
TX-001357,1463,8,204,2025-12-05 12:13:04
TX-000284,284,1,208,2025-12-05 12:20:03
TX-000709,709,1,403,2025-12-05 12:29:50
TX-001221,1221,1,204,2025-12-05 12:31:30
TX-000120,120,1,201,2025-12-05 14:32:32
TX-000076,76,10,213,2025-12-05 15:00:28
TX-001092,1092,3,206,2025-12-05 16:42:08
TX-000568,568,4,202,2025-12-05 17:08:35
TX-001045,1045,8,205,2025-12-05 17:15:27
TX-001306,1306,9,401,2025-12-05 17:34:57
TX-000612,612,4,302,2025-12-05 20:06:33
TX-000215,215,5,402,2025-12-05 20:12:34
TX-001176,1176,10,207,2025-12-05 20:59:49
TX-000798,798,4,502,2025-12-06 01:56:39
TX-000001,1,1,403,2025-12-06 02:17:33
TX-000001,1539,1,208,2025-12-06 02:19:51
TX-000001,1540,1,202,2025-12-06 02:20:09
TX-001050,1050,5,211,2025-12-06 03:07:31
TX-001050,1612,5,401,2025-12-06 03:08:54
TX-000533,533,9,601,2025-12-06 04:22:02
TX-000506,506,1,602,2025-12-06 04:47:48
TX-000461,461,9,208,2025-12-06 04:48:18
TX-000848,848,1,402,2025-12-06 04:58:28
TX-000662,662,1,203,2025-12-06 06:02:20
TX-000796,796,3,601,2025-12-06 08:13:36
TX-000796,1602,3,302,2025-12-06 08:14:48
TX-000328,328,1,404,2025-12-06 09:05:15
TX-001048,1048,1,404,2025-12-06 11:01:15
TX-000624,624,6,601,2025-12-06 11:13:22
TX-000956,956,5,201,2025-12-06 11:32:36
TX-000403,403,1,502,2025-12-06 12:24:38
TX-000403,1601,1,213,2025-12-06 12:25:18
TX-001163,1163,7,301,2025-12-06 12:46:48
TX-000807,807,10,404,2025-12-06 15:41:27
TX-000373,373,1,201,2025-12-06 18:29:33
TX-000617,617,9,203,2025-12-06 18:46:29
TX-001340,1340,1,404,2025-12-06 18:51:31
TX-001340,1433,1,211,2025-12-06 18:52:27
TX-001340,1434,1,304,2025-12-06 18:53:23
TX-001195,1195,1,214,2025-12-06 19:02:06
TX-001052,1052,4,206,2025-12-06 19:06:58
TX-000608,608,6,203,2025-12-06 20:05:56
TX-000689,689,9,502,2025-12-06 20:08:25
TX-000251,251,1,214,2025-12-06 21:11:28
TX-000121,121,10,502,2025-12-06 21:16:16
TX-001173,1173,4,303,2025-12-06 23:24:24
TX-000106,106,6,502,2025-12-06 23:31:26
TX-000289,289,5,206,2025-12-07 00:11:58
TX-000753,753,10,209,2025-12-07 00:16:47
TX-000095,95,4,601,2025-12-07 01:10:41
TX-001133,1133,1,212,2025-12-07 01:23:46
TX-001043,1043,8,402,2025-12-07 01:44:33
TX-001043,1528,8,203,2025-12-07 01:46:48
TX-000384,384,1,602,2025-12-07 01:47:49
TX-000384,1547,1,201,2025-12-07 01:49:09
TX-000359,359,2,304,2025-12-07 02:06:58
TX-000721,721,2,403,2025-12-07 05:17:07
TX-000152,152,8,205,2025-12-07 05:17:25
TX-000273,273,5,303,2025-12-07 05:44:17
TX-000762,762,3,501,2025-12-07 05:55:39
TX-000762,1582,3,208,2025-12-07 05:57:47
TX-000364,364,2,602,2025-12-07 08:13:11
TX-000364,1522,2,212,2025-12-07 08:15:26
TX-000123,123,2,302,2025-12-07 08:59:14
TX-000123,1519,2,213,2025-12-07 09:00:18
TX-000123,1518,2,206,2025-12-07 09:01:53
TX-000432,432,5,201,2025-12-07 09:15:15
TX-000432,1546,5,211,2025-12-07 09:16:01
TX-000470,470,5,208,2025-12-07 13:11:17
TX-000156,156,5,601,2025-12-07 15:08:44
TX-000347,347,3,208,2025-12-07 15:15:37
TX-000321,321,7,302,2025-12-07 15:24:57
TX-000804,804,6,602,2025-12-07 16:27:01
TX-000611,611,4,207,2025-12-07 16:29:10
TX-000188,188,7,303,2025-12-07 18:59:55
TX-001014,1014,10,212,2025-12-07 19:54:37
TX-001201,1201,6,213,2025-12-07 20:35:58
TX-000895,895,4,214,2025-12-07 21:15:16
TX-001072,1072,10,214,2025-12-07 21:15:24
TX-000081,81,2,304,2025-12-07 22:16:26
TX-000302,302,4,207,2025-12-07 22:28:19
TX-001343,1343,3,206,2025-12-07 23:07:59
TX-000261,261,7,402,2025-12-08 00:38:10
TX-000261,1585,7,208,2025-12-08 00:38:28
TX-000795,795,7,402,2025-12-08 01:15:19
TX-000275,275,10,601,2025-12-08 01:16:52
TX-000366,366,3,203,2025-12-08 01:49:53
TX-001024,1024,3,203,2025-12-08 02:28:31
TX-001024,1461,3,303,2025-12-08 02:30:39
TX-000011,11,4,210,2025-12-08 03:03:30
TX-000615,615,1,207,2025-12-08 03:21:56
TX-000586,586,1,303,2025-12-08 03:38:04
TX-000318,318,2,404,2025-12-08 04:14:10
TX-001178,1178,2,402,2025-12-08 06:06:24
TX-000212,212,4,402,2025-12-08 07:12:41
TX-001335,1335,6,213,2025-12-08 08:20:06
TX-001065,1065,8,211,2025-12-08 10:40:12
TX-000062,62,1,303,2025-12-08 10:52:28
TX-000062,1451,1,211,2025-12-08 10:53:04
TX-001095,1095,1,208,2025-12-08 11:59:00
TX-001044,1044,4,403,2025-12-08 15:11:43
TX-000268,268,2,402,2025-12-08 15:20:20
TX-000897,897,7,210,2025-12-08 15:47:31
TX-001193,1193,1,214,2025-12-08 16:04:49
TX-000191,191,8,210,2025-12-08 20:14:46
TX-000778,778,8,206,2025-12-08 20:45:33
TX-000808,808,8,302,2025-12-08 21:37:38
TX-000808,1548,8,207,2025-12-08 21:40:12
TX-000941,941,7,302,2025-12-08 22:42:54
TX-001188,1188,6,207,2025-12-08 23:02:18
TX-000623,623,1,206,2025-12-09 00:47:37
TX-000623,1543,1,201,2025-12-09 00:48:36
TX-001215,1215,6,404,2025-12-09 01:02:44
TX-000149,149,2,209,2025-12-09 02:28:46
TX-001000,1000,8,501,2025-12-09 03:42:39
TX-001295,1295,3,212,2025-12-09 05:08:53
TX-000392,392,3,601,2025-12-09 05:40:37
TX-000846,846,3,207,2025-12-09 06:49:10
TX-001068,1068,1,401,2025-12-09 07:34:14
TX-000169,169,3,211,2025-12-09 08:29:21
TX-001238,1238,2,602,2025-12-09 09:09:18
TX-000566,566,2,205,2025-12-09 10:08:15
TX-000236,236,5,502,2025-12-09 10:09:16
TX-001067,1067,7,201,2025-12-09 10:45:39
TX-000747,747,3,201,2025-12-09 10:58:42
TX-001396,1396,6,403,2025-12-09 11:15:10
TX-001385,1385,2,403,2025-12-09 11:24:50
TX-000827,827,5,204,2025-12-09 12:01:06
TX-001030,1030,10,304,2025-12-09 12:08:13
TX-000239,239,10,403,2025-12-09 12:10:59
TX-000239,1535,10,401,2025-12-09 12:13:42
TX-001148,1148,7,303,2025-12-09 12:28:18
TX-000004,4,3,202,2025-12-09 13:00:09
TX-000408,408,2,304,2025-12-09 14:11:06
TX-001345,1345,3,211,2025-12-09 14:47:26
TX-000039,39,6,212,2025-12-09 15:09:58
TX-000168,168,5,404,2025-12-09 16:35:03
TX-000237,237,2,402,2025-12-09 16:47:05
TX-000596,596,10,204,2025-12-09 17:00:10
TX-001054,1054,7,602,2025-12-09 17:00:21
TX-000596,1484,10,211,2025-12-09 17:02:11
TX-000596,1485,10,210,2025-12-09 17:02:16
TX-000238,238,6,214,2025-12-09 17:50:38
TX-000824,824,4,204,2025-12-09 18:27:51
TX-001216,1216,1,501,2025-12-09 18:45:02
TX-001104,1104,3,201,2025-12-09 19:04:56
TX-001104,1427,3,212,2025-12-09 19:07:52
TX-000243,243,8,206,2025-12-09 19:32:58
TX-000340,340,3,205,2025-12-09 19:49:52
TX-000410,410,5,501,2025-12-09 20:38:58
TX-000176,176,1,501,2025-12-09 20:56:58
TX-000607,607,6,210,2025-12-09 23:28:20
TX-000607,1567,6,202,2025-12-09 23:30:03
TX-000761,761,4,403,2025-12-10 00:30:25
TX-001038,1038,7,207,2025-12-10 01:20:51
TX-000654,654,1,303,2025-12-10 01:57:48
TX-001141,1141,4,303,2025-12-10 02:16:05
TX-001116,1116,3,403,2025-12-10 07:43:00
TX-001317,1317,2,401,2025-12-10 08:47:36
TX-001187,1187,3,203,2025-12-10 09:55:31
TX-001189,1189,9,211,2025-12-10 11:12:33
TX-001132,1132,9,402,2025-12-10 12:21:16
TX-000187,187,8,214,2025-12-10 12:51:19
TX-001391,1391,1,501,2025-12-10 12:57:30
TX-001042,1042,3,211,2025-12-10 13:53:10
TX-000564,564,1,214,2025-12-10 14:25:02
TX-001377,1377,10,209,2025-12-10 14:52:26
TX-000691,691,5,210,2025-12-10 15:43:33
TX-000103,103,2,210,2025-12-10 16:08:54
TX-000020,20,1,209,2025-12-10 16:12:21
TX-000020,1564,1,201,2025-12-10 16:15:21
TX-000210,210,4,602,2025-12-10 17:06:28
TX-000464,464,5,301,2025-12-10 17:11:06
TX-000047,47,2,210,2025-12-10 17:19:56
TX-001328,1328,1,208,2025-12-10 18:21:14
TX-001342,1342,8,209,2025-12-10 18:59:03
TX-001342,1466,8,208,2025-12-10 19:01:20
TX-000478,478,4,206,2025-12-10 19:04:02
TX-000609,609,1,403,2025-12-10 19:49:21
TX-000110,110,8,204,2025-12-10 20:18:51
TX-000647,647,3,210,2025-12-10 20:57:42
TX-001333,1333,7,202,2025-12-10 23:22:17
TX-000025,25,8,401,2025-12-10 23:36:02
TX-001228,1228,3,502,2025-12-11 00:23:37
TX-000669,669,8,302,2025-12-11 00:31:48
TX-000669,1453,8,202,2025-12-11 00:34:02
TX-001166,1166,4,402,2025-12-11 02:59:02
TX-000074,74,1,202,2025-12-11 03:10:52
TX-000074,1446,1,404,2025-12-11 03:13:43
TX-001098,1098,4,502,2025-12-11 03:21:43
TX-001074,1074,4,207,2025-12-11 03:43:03
TX-000572,572,2,203,2025-12-11 04:03:02
TX-000864,864,5,502,2025-12-11 05:06:22
TX-000864,1606,5,201,2025-12-11 05:06:37
TX-000182,182,6,206,2025-12-11 06:35:38
TX-000772,772,3,402,2025-12-11 06:50:57
TX-000605,605,7,203,2025-12-11 07:45:33
TX-001219,1219,10,601,2025-12-11 08:07:34
TX-000741,741,6,212,2025-12-11 08:31:24
TX-000019,19,3,213,2025-12-11 10:14:01
TX-000447,447,7,502,2025-12-11 10:25:28
TX-000400,400,3,501,2025-12-11 10:33:33
TX-001090,1090,2,211,2025-12-11 13:15:26
TX-001284,1284,4,403,2025-12-11 14:38:36
TX-000490,490,2,209,2025-12-11 17:46:57
TX-000620,620,4,302,2025-12-11 18:10:15
TX-000248,248,5,208,2025-12-11 18:22:03
TX-000567,567,10,401,2025-12-11 20:06:17
TX-000532,532,2,212,2025-12-11 21:25:18
TX-000146,146,1,403,2025-12-12 00:12:32
TX-000716,716,7,404,2025-12-12 00:15:46
TX-000792,792,9,601,2025-12-12 00:25:23
TX-000792,1486,9,206,2025-12-12 00:25:55
TX-001218,1218,10,502,2025-12-12 00:27:45
TX-000736,736,5,502,2025-12-12 01:51:26
TX-000360,360,6,204,2025-12-12 02:03:28
TX-000562,562,7,202,2025-12-12 02:24:29
TX-000097,97,3,401,2025-12-12 03:55:47
TX-001246,1246,3,403,2025-12-12 04:03:54
TX-000175,175,6,502,2025-12-12 04:20:28
TX-000175,1464,6,205,2025-12-12 04:22:04
TX-000998,998,1,303,2025-12-12 04:38:53
TX-000998,1521,1,211,2025-12-12 04:41:52
TX-001397,1397,1,401,2025-12-12 04:52:15
TX-001397,1523,1,206,2025-12-12 04:54:06
TX-001165,1165,1,205,2025-12-12 05:14:30
TX-001037,1037,2,601,2025-12-12 06:10:25
TX-001117,1117,2,602,2025-12-12 06:17:25
TX-000899,899,3,206,2025-12-12 06:54:10
TX-000525,525,7,214,2025-12-12 07:49:23
TX-000541,541,6,401,2025-12-12 08:01:15
TX-001161,1161,2,211,2025-12-12 08:46:01
TX-000080,80,2,213,2025-12-12 08:59:53
TX-000080,1611,2,208,2025-12-12 09:00:17
TX-000687,687,3,213,2025-12-12 09:41:04
TX-000128,128,4,213,2025-12-12 12:31:03
TX-000227,227,8,212,2025-12-12 13:01:42
TX-000911,911,5,204,2025-12-12 13:23:01
TX-001264,1264,7,208,2025-12-12 13:49:20
TX-000472,472,3,207,2025-12-12 14:47:46
TX-000619,619,3,209,2025-12-12 15:23:24
TX-000994,994,1,210,2025-12-12 15:44:23
TX-000788,788,1,211,2025-12-12 16:18:05
TX-000938,938,10,403,2025-12-12 17:20:06
TX-001304,1304,8,501,2025-12-12 17:44:36
TX-001304,1577,8,209,2025-12-12 17:45:05
TX-001304,1576,8,206,2025-12-12 17:46:08
TX-000155,155,1,403,2025-12-12 18:54:50
TX-000409,409,8,501,2025-12-12 20:37:16
TX-000980,980,8,302,2025-12-12 22:22:17
TX-001362,1362,8,212,2025-12-12 22:53:49
TX-000422,422,5,206,2025-12-12 23:10:35
TX-000077,77,1,211,2025-12-12 23:27:55
TX-000981,981,9,304,2025-12-12 23:48:36
TX-000281,281,1,303,2025-12-12 23:55:01
TX-000982,982,6,213,2025-12-13 00:19:28
TX-000591,591,2,401,2025-12-13 01:57:06
TX-001245,1245,7,212,2025-12-13 02:26:09
TX-000371,371,7,602,2025-12-13 04:40:58
TX-001131,1131,8,201,2025-12-13 07:08:03
TX-000353,353,1,501,2025-12-13 07:11:58
TX-000991,991,1,502,2025-12-13 08:01:15
TX-000991,1586,1,203,2025-12-13 08:03:18
TX-001233,1233,6,501,2025-12-13 08:23:51
TX-001233,1549,6,212,2025-12-13 08:25:11
TX-000500,500,1,601,2025-12-13 08:39:33
TX-000925,925,5,203,2025-12-13 09:05:06
TX-000134,134,2,214,2025-12-13 09:21:52
TX-000276,276,10,201,2025-12-13 09:25:35
TX-000276,1514,10,209,2025-12-13 09:27:42
TX-000429,429,6,403,2025-12-13 09:39:57
TX-000810,810,9,302,2025-12-13 09:59:59
TX-000733,733,1,202,2025-12-13 10:08:10
TX-001311,1311,2,203,2025-12-13 10:46:10
TX-000397,397,2,502,2025-12-13 13:56:54
TX-000545,545,9,212,2025-12-13 13:57:09
TX-000292,292,1,404,2025-12-13 14:38:05
TX-000943,943,2,208,2025-12-13 15:05:14
TX-000381,381,2,214,2025-12-13 15:37:37
TX-000282,282,7,302,2025-12-13 16:42:03
TX-000241,241,10,501,2025-12-13 18:00:53
TX-000966,966,2,214,2025-12-13 19:03:39
TX-000511,511,3,301,2025-12-13 19:08:17
TX-000511,1597,3,203,2025-12-13 19:09:04
TX-000375,375,9,404,2025-12-13 19:19:54
TX-000375,1589,9,401,2025-12-13 19:20:03
TX-001145,1145,1,304,2025-12-13 19:56:52
TX-000283,283,1,404,2025-12-13 20:42:29
TX-000202,202,9,201,2025-12-13 22:01:21
TX-001376,1376,10,201,2025-12-13 22:07:38
TX-001124,1124,2,403,2025-12-13 22:44:09
TX-000968,968,5,201,2025-12-13 22:59:44
TX-001029,1029,10,401,2025-12-13 23:23:41
TX-000598,598,3,402,2025-12-14 00:41:59
TX-000280,280,1,303,2025-12-14 01:38:25
TX-000109,109,5,210,2025-12-14 02:40:59
TX-000908,908,1,404,2025-12-14 03:04:09
TX-000975,975,7,202,2025-12-14 03:26:31
TX-000975,1414,7,207,2025-12-14 03:26:47
TX-000975,1413,7,205,2025-12-14 03:27:26
TX-001235,1235,7,214,2025-12-14 03:41:12
TX-001035,1035,2,601,2025-12-14 05:52:02
TX-000346,346,3,209,2025-12-14 07:07:56
TX-001337,1337,3,213,2025-12-14 07:19:14
TX-000160,160,1,207,2025-12-14 08:11:38
TX-000939,939,1,302,2025-12-14 08:29:31
TX-000850,850,5,213,2025-12-14 08:46:26
TX-000660,660,10,205,2025-12-14 09:15:53
TX-000743,743,1,209,2025-12-14 09:43:07
TX-000093,93,4,211,2025-12-14 09:51:08
TX-001355,1355,8,302,2025-12-14 10:31:38
TX-001371,1371,8,211,2025-12-14 10:36:27
TX-000071,71,1,601,2025-12-14 11:21:53
TX-000172,172,9,404,2025-12-14 11:28:20
TX-000125,125,1,213,2025-12-14 11:40:05
TX-001158,1158,6,402,2025-12-14 12:08:06
TX-001026,1026,2,205,2025-12-14 13:04:53
TX-001198,1198,3,303,2025-12-14 13:22:55
TX-001324,1324,5,205,2025-12-14 13:34:24
TX-000717,717,2,302,2025-12-14 15:38:43
TX-001155,1155,3,601,2025-12-14 16:14:48
TX-000457,457,5,404,2025-12-14 16:53:45
TX-000482,482,3,301,2025-12-14 17:27:48
TX-000327,327,9,502,2025-12-14 18:41:04
TX-000812,812,10,303,2025-12-14 18:45:45
TX-000812,1431,10,301,2025-12-14 18:48:41
TX-000916,916,10,404,2025-12-14 19:00:13
TX-001204,1204,10,205,2025-12-14 19:29:54
TX-000873,873,7,303,2025-12-14 20:38:05
TX-000816,816,6,211,2025-12-14 21:03:34
TX-001352,1352,3,204,2025-12-14 21:13:33
TX-000868,868,3,304,2025-12-14 21:59:52
TX-000535,535,5,206,2025-12-14 22:00:43
TX-000729,729,2,210,2025-12-14 22:07:46
TX-000780,780,10,206,2025-12-14 22:27:58
TX-000997,997,5,210,2025-12-14 23:15:12
TX-000748,748,9,203,2025-12-14 23:19:54
TX-000015,15,1,401,2025-12-15 00:12:19
TX-000524,524,2,201,2025-12-15 00:31:46
TX-000546,546,1,304,2025-12-15 00:34:25
TX-000542,542,9,211,2025-12-15 01:02:41
TX-001019,1019,1,212,2025-12-15 01:43:48
TX-000487,487,5,203,2025-12-15 03:49:49
TX-001091,1091,10,207,2025-12-15 04:18:54
TX-000102,102,10,203,2025-12-15 05:26:41
TX-000537,537,8,205,2025-12-15 05:42:40
TX-000628,628,9,302,2025-12-15 05:49:43
TX-000862,862,4,206,2025-12-15 06:39:59
TX-000862,1537,4,203,2025-12-15 06:42:14
TX-000732,732,1,204,2025-12-15 08:07:37
TX-000658,658,1,303,2025-12-15 08:45:54
TX-000220,220,6,501,2025-12-15 09:35:27
TX-000606,606,5,205,2025-12-15 09:43:24
TX-000296,296,1,212,2025-12-15 10:34:23
TX-000978,978,3,501,2025-12-15 10:48:27
TX-000477,477,4,304,2025-12-15 11:04:12
TX-000625,625,9,203,2025-12-15 11:51:14
TX-000345,345,4,211,2025-12-15 12:05:34
TX-000508,508,7,403,2025-12-15 12:55:12
TX-000317,317,10,404,2025-12-15 12:58:34
TX-001253,1253,10,601,2025-12-15 17:36:00
TX-000550,550,6,601,2025-12-15 18:35:00
TX-000486,486,9,202,2025-12-15 18:55:45
TX-000871,871,7,208,2025-12-15 19:13:17
TX-001011,1011,3,601,2025-12-15 19:34:50
TX-001191,1191,2,203,2025-12-15 19:42:00
TX-001291,1291,2,212,2025-12-15 20:00:46
TX-000092,92,10,207,2025-12-15 20:53:53
TX-000921,921,3,202,2025-12-15 21:49:22
TX-001312,1312,2,209,2025-12-15 22:09:28
TX-001312,1459,2,201,2025-12-15 22:11:45
TX-000443,443,6,502,2025-12-15 22:30:40
TX-000698,698,3,205,2025-12-15 22:54:01
TX-001243,1243,9,501,2025-12-16 00:00:11
TX-000309,309,1,213,2025-12-16 00:17:31
TX-001282,1282,10,210,2025-12-16 00:27:34
TX-000301,301,6,402,2025-12-16 00:27:52
TX-000836,836,2,210,2025-12-16 01:33:01
TX-001205,1205,3,201,2025-12-16 01:35:33
TX-000509,509,1,201,2025-12-16 03:20:27
TX-000712,712,1,502,2025-12-16 03:45:35
TX-000905,905,4,201,2025-12-16 04:10:37
TX-000905,1560,4,203,2025-12-16 04:11:01
TX-000905,1561,4,302,2025-12-16 04:12:28
TX-000073,73,1,203,2025-12-16 04:29:56
TX-000484,484,1,204,2025-12-16 04:37:15
TX-000324,324,3,202,2025-12-16 05:30:54
TX-000543,543,1,204,2025-12-16 06:19:21
TX-000211,211,8,213,2025-12-16 07:50:37
TX-000918,918,5,601,2025-12-16 08:33:10
TX-000009,9,3,213,2025-12-16 09:20:52
TX-000656,656,10,403,2025-12-16 10:10:58
TX-000258,258,5,602,2025-12-16 10:12:21
TX-001302,1302,3,208,2025-12-16 11:12:19
TX-000049,49,2,212,2025-12-16 14:56:40
TX-000325,325,9,207,2025-12-16 15:58:17
TX-000325,1598,9,208,2025-12-16 15:58:46
TX-000305,305,2,404,2025-12-16 17:50:30
TX-000463,463,1,302,2025-12-16 19:13:00
TX-000744,744,3,205,2025-12-16 21:01:36
TX-001314,1314,9,502,2025-12-16 22:18:13
TX-000797,797,10,202,2025-12-16 22:23:12
TX-000064,64,5,209,2025-12-16 23:10:06
TX-001168,1168,8,209,2025-12-16 23:12:58
TX-000435,435,2,214,2025-12-16 23:47:56
TX-000434,434,10,211,2025-12-17 00:14:07
TX-000986,986,3,214,2025-12-17 00:43:13
TX-001109,1109,1,208,2025-12-17 00:53:49
TX-000177,177,4,404,2025-12-17 01:08:38
TX-001128,1128,10,212,2025-12-17 01:55:21
TX-000184,184,3,403,2025-12-17 02:03:08
TX-001159,1159,7,501,2025-12-17 02:14:48
TX-000024,24,1,501,2025-12-17 03:00:59
TX-000730,730,3,402,2025-12-17 03:01:07
TX-001266,1266,1,203,2025-12-17 03:32:42
TX-000690,690,5,601,2025-12-17 05:21:59
TX-000690,1506,5,209,2025-12-17 05:24:54
TX-000618,618,3,208,2025-12-17 06:30:55
TX-001108,1108,1,207,2025-12-17 06:38:06
TX-000510,510,10,213,2025-12-17 08:08:12
TX-001174,1174,1,304,2025-12-17 08:38:24
TX-000504,504,1,404,2025-12-17 09:20:27
TX-000043,43,1,208,2025-12-17 09:33:41
TX-001146,1146,4,204,2025-12-17 10:19:36
TX-001146,1524,4,206,2025-12-17 10:19:41
TX-000115,115,3,401,2025-12-17 11:12:19
TX-000900,900,6,404,2025-12-17 11:43:53
TX-000235,235,7,402,2025-12-17 12:35:55
TX-000557,557,4,201,2025-12-17 12:52:50
TX-000053,53,6,204,2025-12-17 13:44:49
TX-000516,516,9,211,2025-12-17 13:47:32
TX-000526,526,2,302,2025-12-17 15:27:43
TX-000067,67,3,210,2025-12-17 18:32:12
TX-000028,28,1,211,2025-12-17 19:48:04
TX-000214,214,4,214,2025-12-17 20:50:07
TX-000256,256,4,601,2025-12-17 21:21:02
TX-000963,963,10,303,2025-12-17 22:29:25
TX-000963,1494,10,204,2025-12-17 22:31:12
TX-000874,874,8,502,2025-12-17 23:19:35
TX-001273,1273,7,601,2025-12-18 00:22:42
TX-001181,1181,6,303,2025-12-18 00:39:09
TX-000659,659,2,208,2025-12-18 01:47:28
TX-000051,51,7,202,2025-12-18 02:09:45
TX-000059,59,8,204,2025-12-18 02:30:04
TX-000116,116,3,213,2025-12-18 04:37:24
TX-001200,1200,6,201,2025-12-18 06:05:08
TX-000090,90,8,207,2025-12-18 06:15:07
TX-000037,37,8,202,2025-12-18 09:22:25
TX-000143,143,4,206,2025-12-18 10:21:22
TX-000126,126,10,213,2025-12-18 12:37:36
TX-001007,1007,8,205,2025-12-18 14:27:51
TX-000058,58,6,404,2025-12-18 14:36:47
TX-000012,12,4,401,2025-12-18 15:59:50
TX-001293,1293,2,206,2025-12-18 16:07:01
TX-000034,34,9,206,2025-12-18 16:14:26
TX-000474,474,7,212,2025-12-18 16:39:02
TX-000881,881,4,214,2025-12-18 17:28:51
TX-000038,38,1,204,2025-12-18 19:12:18
TX-000078,78,8,302,2025-12-18 19:13:44
TX-000834,834,5,201,2025-12-18 19:15:14
TX-000834,1468,5,212,2025-12-18 19:17:26
TX-000460,460,10,501,2025-12-18 20:14:55
TX-000825,825,2,202,2025-12-18 20:40:20
TX-001234,1234,9,204,2025-12-18 21:06:36
TX-000204,204,6,210,2025-12-18 23:22:43
TX-001070,1070,8,502,2025-12-18 23:26:26
TX-000420,420,9,208,2025-12-19 01:20:46
TX-000124,124,8,203,2025-12-19 05:29:27
TX-001382,1382,10,303,2025-12-19 05:59:41
TX-000428,428,9,602,2025-12-19 07:14:20
TX-000428,1573,9,204,2025-12-19 07:16:45
TX-001389,1389,5,209,2025-12-19 07:32:18
TX-000845,845,4,303,2025-12-19 08:02:31
TX-000783,783,3,206,2025-12-19 10:37:38
TX-000954,954,10,602,2025-12-19 11:42:26
TX-000954,1405,10,204,2025-12-19 11:42:35
TX-000954,1404,10,203,2025-12-19 11:42:47
TX-000252,252,2,211,2025-12-19 12:53:52
TX-001299,1299,3,208,2025-12-19 13:17:12
TX-000274,274,9,301,2025-12-19 14:42:22
TX-001016,1016,3,207,2025-12-19 15:58:19
TX-000357,357,1,214,2025-12-19 18:02:17
TX-000536,536,6,201,2025-12-19 19:12:05
TX-000680,680,1,209,2025-12-19 21:34:40
TX-000493,493,8,303,2025-12-19 22:01:03
TX-000099,99,3,401,2025-12-19 22:29:19
TX-000213,213,1,205,2025-12-19 23:28:58
TX-000213,1609,1,206,2025-12-19 23:30:56
TX-001372,1372,1,206,2025-12-19 23:48:57
TX-000378,378,2,303,2025-12-20 00:00:24
TX-000158,158,3,304,2025-12-20 00:46:22
TX-000426,426,6,303,2025-12-20 01:32:04
TX-000534,534,8,502,2025-12-20 02:38:48
TX-000331,331,4,302,2025-12-20 03:27:45
TX-000262,262,1,212,2025-12-20 04:03:20
TX-000267,267,7,214,2025-12-20 04:26:32
TX-001118,1118,4,302,2025-12-20 05:25:36
TX-000949,949,3,207,2025-12-20 07:49:36
TX-000222,222,3,403,2025-12-20 08:32:51
TX-000222,1480,3,206,2025-12-20 08:34:36
TX-000854,854,5,206,2025-12-20 09:50:45
TX-000069,69,2,602,2025-12-20 10:11:54
TX-000501,501,5,402,2025-12-20 10:18:18
TX-000962,962,1,212,2025-12-20 12:41:35
TX-000695,695,10,205,2025-12-20 13:20:13
TX-001370,1370,5,213,2025-12-20 15:32:35
TX-000626,626,9,211,2025-12-20 15:55:39
TX-000376,376,1,601,2025-12-20 16:05:24
TX-000768,768,1,209,2025-12-20 17:42:00
TX-000904,904,5,205,2025-12-20 18:36:24
TX-001280,1280,7,212,2025-12-20 18:53:37
TX-000863,863,3,304,2025-12-20 19:53:41
TX-000033,33,10,208,2025-12-20 20:00:45
TX-000902,902,6,207,2025-12-20 20:24:06
TX-000710,710,1,203,2025-12-20 21:27:17
TX-001206,1206,4,201,2025-12-20 22:34:06
TX-000831,831,7,207,2025-12-20 22:37:06
TX-000032,32,9,201,2025-12-20 23:43:56
TX-000032,1511,9,402,2025-12-20 23:46:34
TX-001103,1103,6,202,2025-12-21 00:02:48
TX-001018,1018,3,205,2025-12-21 00:56:48
TX-000950,950,3,201,2025-12-21 02:15:25
TX-000242,242,1,208,2025-12-21 04:00:03
TX-000242,1513,1,214,2025-12-21 04:00:29
TX-000270,270,6,301,2025-12-21 04:08:26
TX-000675,675,10,213,2025-12-21 04:10:32
TX-001085,1085,2,201,2025-12-21 04:47:09
TX-000402,402,2,204,2025-12-21 05:48:35
TX-000759,759,10,214,2025-12-21 05:58:00
TX-001283,1283,9,502,2025-12-21 06:19:58
TX-000329,329,6,202,2025-12-21 06:30:30
TX-000894,894,5,601,2025-12-21 07:17:54
TX-000060,60,2,214,2025-12-21 09:23:17
TX-000951,951,1,209,2025-12-21 13:52:23
TX-000951,1452,1,201,2025-12-21 13:54:42
TX-000888,888,9,404,2025-12-21 14:01:15
TX-000311,311,1,202,2025-12-21 14:03:09
TX-000386,386,4,202,2025-12-21 14:18:15
TX-000386,1525,4,214,2025-12-21 14:19:51
TX-001151,1151,1,207,2025-12-21 14:23:17
TX-000855,855,1,302,2025-12-21 14:24:17
TX-000584,584,2,205,2025-12-21 14:40:58
TX-001121,1121,10,601,2025-12-21 15:53:09
TX-001307,1307,8,214,2025-12-21 15:59:06
TX-001276,1276,10,208,2025-12-21 17:04:07
TX-001217,1217,1,404,2025-12-21 17:24:06
TX-000142,142,1,304,2025-12-21 18:57:35
TX-001327,1327,4,502,2025-12-21 19:00:20
TX-001260,1260,1,502,2025-12-21 19:12:54
TX-001319,1319,3,208,2025-12-21 21:53:49
TX-000441,441,2,204,2025-12-21 21:55:33
TX-001319,1533,3,206,2025-12-21 21:56:30
TX-000937,937,6,208,2025-12-21 22:13:33
TX-000937,1465,6,206,2025-12-21 22:13:40
TX-000740,740,8,209,2025-12-21 22:25:42
TX-000005,5,2,212,2025-12-21 23:23:37
TX-000958,958,5,201,2025-12-22 00:05:33
TX-001139,1139,8,203,2025-12-22 01:35:16
TX-000383,383,1,206,2025-12-22 01:46:28
TX-000223,223,2,304,2025-12-22 04:05:28
TX-000424,424,2,213,2025-12-22 05:07:48
TX-001142,1142,2,502,2025-12-22 05:17:23
TX-000813,813,6,401,2025-12-22 05:18:58
TX-000742,742,4,207,2025-12-22 05:53:20
TX-000430,430,6,303,2025-12-22 06:46:23
TX-000430,1492,6,204,2025-12-22 06:46:50
TX-000840,840,10,201,2025-12-22 07:05:38
TX-000840,1512,10,208,2025-12-22 07:07:45
TX-000738,738,9,204,2025-12-22 07:59:55
TX-000199,199,3,202,2025-12-22 08:13:39
TX-000920,920,1,301,2025-12-22 09:08:22
TX-000585,585,5,208,2025-12-22 10:15:16
TX-000389,389,8,214,2025-12-22 10:38:17
TX-000389,1410,8,209,2025-12-22 10:39:27
TX-001083,1083,10,210,2025-12-22 12:15:37
TX-001083,1442,10,211,2025-12-22 12:17:48
TX-001083,1443,10,304,2025-12-22 12:18:00
TX-000473,473,2,402,2025-12-22 12:50:20
TX-000136,136,7,303,2025-12-22 14:47:36
TX-000776,776,4,302,2025-12-22 16:02:47
TX-001379,1379,5,213,2025-12-22 16:07:26
TX-001332,1332,2,304,2025-12-22 18:31:29
TX-001332,1437,2,212,2025-12-22 18:32:43
TX-001332,1438,2,303,2025-12-22 18:33:52
TX-000600,600,2,212,2025-12-22 19:04:54
TX-000112,112,10,501,2025-12-22 19:31:40
TX-000151,151,8,206,2025-12-22 20:02:12
TX-000151,1569,8,209,2025-12-22 20:05:07
TX-001147,1147,1,209,2025-12-22 20:17:49
TX-001147,1403,1,403,2025-12-22 20:19:58
TX-000575,575,10,304,2025-12-22 20:59:29
TX-000781,781,9,213,2025-12-22 22:14:22
TX-000570,570,7,207,2025-12-22 22:57:09
TX-000570,1467,7,213,2025-12-22 22:57:20
TX-000970,970,4,602,2025-12-22 23:56:18
TX-000718,718,10,502,2025-12-23 00:07:11
TX-001326,1326,6,602,2025-12-23 02:48:23
TX-000974,974,2,211,2025-12-23 04:15:23
TX-000650,650,2,202,2025-12-23 04:33:58
TX-000224,224,2,301,2025-12-23 04:49:48
TX-000224,1610,2,212,2025-12-23 04:50:07
TX-000072,72,10,210,2025-12-23 09:43:24
TX-000233,233,1,213,2025-12-23 09:55:38
TX-000906,906,3,501,2025-12-23 10:01:52
TX-000144,144,8,208,2025-12-23 10:41:55
TX-000144,1478,8,404,2025-12-23 10:44:12
TX-001036,1036,3,404,2025-12-23 11:06:27
TX-000055,55,8,303,2025-12-23 11:35:26
TX-001254,1254,2,202,2025-12-23 11:40:30
TX-000507,507,3,202,2025-12-23 11:58:25
TX-001344,1344,8,602,2025-12-23 12:14:52
TX-000189,189,1,211,2025-12-23 12:25:48
TX-000885,885,8,404,2025-12-23 12:37:50
TX-000945,945,2,402,2025-12-23 13:33:51
TX-000880,880,1,304,2025-12-23 16:47:51
TX-001203,1203,1,204,2025-12-23 17:07:31
TX-001203,1409,1,214,2025-12-23 17:09:18
TX-000750,750,3,212,2025-12-23 18:16:37
TX-000667,667,5,205,2025-12-23 18:49:03
TX-000304,304,1,302,2025-12-23 20:59:13
TX-000218,218,2,213,2025-12-23 21:29:00
TX-000294,294,2,206,2025-12-23 23:18:16
TX-000972,972,2,202,2025-12-23 23:27:15
TX-000356,356,6,404,2025-12-23 23:50:47
TX-000785,785,2,302,2025-12-24 00:02:13
TX-000539,539,4,202,2025-12-24 00:05:24
TX-000960,960,2,214,2025-12-24 00:16:17
TX-000887,887,3,211,2025-12-24 00:47:00
TX-000122,122,10,301,2025-12-24 03:04:40
TX-000122,1445,10,403,2025-12-24 03:05:59
TX-001339,1339,2,205,2025-12-24 03:41:32
TX-000314,314,6,302,2025-12-24 04:07:40
TX-000135,135,3,402,2025-12-24 05:06:46
TX-001285,1285,8,204,2025-12-24 06:54:24
TX-001285,1590,8,206,2025-12-24 06:56:45
TX-000086,86,10,213,2025-12-24 07:23:15
TX-000086,1429,10,303,2025-12-24 07:25:21
TX-000549,549,2,209,2025-12-24 07:38:52
TX-000661,661,6,403,2025-12-24 09:02:43
TX-001259,1259,2,302,2025-12-24 09:43:42
TX-000866,866,2,303,2025-12-24 09:47:10
TX-000140,140,1,208,2025-12-24 10:17:50
TX-000621,621,3,204,2025-12-24 12:13:50
TX-001023,1023,7,213,2025-12-24 12:26:49
TX-001318,1318,2,214,2025-12-24 13:58:51
TX-000604,604,3,213,2025-12-24 15:55:35
TX-000186,186,7,403,2025-12-24 16:00:42
TX-000186,1425,7,207,2025-12-24 16:02:54
TX-000186,1426,7,201,2025-12-24 16:03:35
TX-000757,757,9,402,2025-12-24 16:23:41
TX-000977,977,10,202,2025-12-24 18:53:40
TX-001229,1229,1,202,2025-12-24 19:38:28
TX-001229,1449,1,203,2025-12-24 19:39:21
TX-001229,1450,1,404,2025-12-24 19:39:45
TX-000699,699,4,401,2025-12-24 19:40:12
TX-001393,1393,3,401,2025-12-24 20:02:42
TX-000884,884,4,402,2025-12-24 21:35:30
TX-000394,394,3,404,2025-12-24 21:56:57
TX-001399,1399,4,203,2025-12-24 22:34:50
TX-000065,65,5,502,2025-12-24 22:40:09
TX-001059,1059,3,502,2025-12-24 23:43:57
TX-000860,860,9,502,2025-12-25 02:02:53
TX-000860,1498,9,206,2025-12-25 02:03:26
TX-001277,1277,6,304,2025-12-25 02:03:38
TX-001277,1440,6,403,2025-12-25 02:04:20
TX-000842,842,9,211,2025-12-25 03:11:34
TX-000583,583,6,203,2025-12-25 03:20:24
TX-000148,148,6,501,2025-12-25 03:55:54
TX-001341,1341,4,210,2025-12-25 05:55:03
TX-001111,1111,3,403,2025-12-25 07:21:46
TX-000849,849,9,403,2025-12-25 08:38:59
TX-001258,1258,4,302,2025-12-25 09:52:57
TX-001258,1417,4,212,2025-12-25 09:53:41
TX-000407,407,9,602,2025-12-25 09:59:12
TX-000407,1503,9,201,2025-12-25 09:59:51
TX-000614,614,1,201,2025-12-25 10:22:00
TX-000363,363,6,206,2025-12-25 11:30:18
TX-000853,853,6,304,2025-12-25 12:42:09
TX-000414,414,5,211,2025-12-25 13:27:05
TX-000502,502,5,212,2025-12-25 13:54:41
TX-000440,440,4,205,2025-12-25 15:16:56
TX-001040,1040,3,403,2025-12-25 16:13:45
TX-000758,758,6,203,2025-12-25 18:09:54
TX-000932,932,7,303,2025-12-25 18:44:12
TX-000096,96,6,208,2025-12-25 18:51:55
TX-000348,348,2,212,2025-12-25 20:40:52
TX-000139,139,2,211,2025-12-25 20:51:44
TX-001115,1115,7,214,2025-12-25 22:15:08
TX-000728,728,6,213,2025-12-25 23:06:01
TX-000865,865,3,210,2025-12-25 23:59:58
TX-000924,924,9,602,2025-12-26 03:25:14
TX-000166,166,2,502,2025-12-26 05:15:20
TX-001138,1138,3,204,2025-12-26 05:42:02
TX-001137,1137,7,303,2025-12-26 06:02:06
TX-001350,1350,7,202,2025-12-26 06:08:52
TX-000225,225,10,209,2025-12-26 06:54:42
TX-000936,936,1,211,2025-12-26 06:57:46
TX-000341,341,2,401,2025-12-26 07:00:52
TX-001062,1062,9,205,2025-12-26 07:03:18
TX-000469,469,3,501,2025-12-26 07:04:18
TX-000290,290,7,602,2025-12-26 07:34:18
TX-000769,769,10,202,2025-12-26 08:11:54
TX-000769,1496,10,213,2025-12-26 08:12:01
TX-000769,1495,10,211,2025-12-26 08:14:32
TX-000959,959,7,302,2025-12-26 10:54:39
TX-000411,411,9,402,2025-12-26 11:04:07
TX-000923,923,4,207,2025-12-26 13:50:09
TX-001190,1190,9,303,2025-12-26 13:58:01
TX-000593,593,1,203,2025-12-26 14:56:51
TX-001010,1010,2,211,2025-12-26 15:53:04
TX-000914,914,1,501,2025-12-26 16:47:32
TX-000444,444,5,212,2025-12-26 18:13:35
TX-001185,1185,6,214,2025-12-26 18:24:51
TX-000288,288,7,402,2025-12-26 18:26:00
TX-000395,395,1,302,2025-12-26 18:58:37
TX-000838,838,1,214,2025-12-26 19:26:35
TX-001051,1051,8,212,2025-12-26 19:40:06
TX-001051,1475,8,207,2025-12-26 19:43:02
TX-001196,1196,7,404,2025-12-26 21:16:22
TX-001119,1119,6,304,2025-12-26 21:55:18
TX-000872,872,6,205,2025-12-26 22:09:13
TX-001075,1075,9,207,2025-12-27 01:24:12
TX-000644,644,6,301,2025-12-27 01:32:36
TX-000933,933,1,207,2025-12-27 02:19:05
TX-000105,105,4,301,2025-12-27 03:07:59
TX-000308,308,1,209,2025-12-27 04:18:02
TX-000334,334,5,201,2025-12-27 04:30:34
TX-001164,1164,1,206,2025-12-27 05:35:16
TX-000713,713,6,302,2025-12-27 05:52:46
TX-000528,528,7,211,2025-12-27 06:27:22
TX-001365,1365,9,404,2025-12-27 07:00:45
TX-001102,1102,3,304,2025-12-27 08:23:34
TX-000459,459,9,401,2025-12-27 10:45:05
TX-001230,1230,2,204,2025-12-27 10:45:51
TX-001286,1286,10,203,2025-12-27 10:56:34
TX-000847,847,8,402,2025-12-27 11:29:14
TX-000114,114,3,206,2025-12-27 11:47:22
TX-001262,1262,2,401,2025-12-27 12:03:25
TX-001358,1358,9,404,2025-12-27 13:17:17
TX-000947,947,5,404,2025-12-27 14:35:05
TX-000983,983,7,207,2025-12-27 14:49:03
TX-000163,163,5,207,2025-12-27 16:03:22
TX-000322,322,7,201,2025-12-27 20:22:22
TX-000522,522,1,602,2025-12-27 20:44:57
TX-001094,1094,9,401,2025-12-27 21:49:27
TX-000495,495,5,203,2025-12-28 01:09:03
TX-000817,817,3,214,2025-12-28 01:22:58
TX-000513,513,9,402,2025-12-28 01:40:35
TX-000491,491,9,208,2025-12-28 01:41:42
TX-001267,1267,7,212,2025-12-28 02:06:33
TX-000580,580,10,501,2025-12-28 02:11:31
TX-000075,75,4,204,2025-12-28 02:32:13
TX-000641,641,6,302,2025-12-28 04:35:52
TX-000326,326,6,401,2025-12-28 04:39:53
TX-000087,87,1,404,2025-12-28 05:34:02
TX-000087,1556,1,403,2025-12-28 05:34:35
TX-000087,1555,1,207,2025-12-28 05:35:03
TX-000230,230,8,212,2025-12-28 05:43:49
TX-001270,1270,8,202,2025-12-28 08:26:38
TX-000393,393,7,403,2025-12-28 08:26:56
TX-001248,1248,2,207,2025-12-28 09:23:09
TX-000577,577,1,303,2025-12-28 10:21:05
TX-000843,843,1,209,2025-12-28 10:28:26
TX-000512,512,8,501,2025-12-28 10:44:37
TX-001096,1096,5,203,2025-12-28 11:45:27
TX-000632,632,3,208,2025-12-28 15:30:34
TX-000333,333,2,211,2025-12-28 15:33:06
TX-000117,117,8,204,2025-12-28 16:21:40
TX-000401,401,3,302,2025-12-28 16:24:33
TX-000401,1456,3,402,2025-12-28 16:26:40
TX-000351,351,1,203,2025-12-28 17:32:58
TX-001207,1207,9,212,2025-12-28 17:46:48
TX-001298,1298,9,209,2025-12-28 17:59:03
TX-000084,84,1,403,2025-12-28 22:31:09
TX-000127,127,1,501,2025-12-29 01:26:47
TX-001348,1348,4,206,2025-12-29 01:38:49
TX-000912,912,4,211,2025-12-29 02:23:06
TX-000234,234,2,403,2025-12-29 02:35:22
TX-000882,882,1,205,2025-12-29 02:41:56
TX-000496,496,1,304,2025-12-29 04:06:03
TX-000496,1448,1,210,2025-12-29 04:08:39
TX-000439,439,1,206,2025-12-29 04:19:06
TX-000666,666,4,210,2025-12-29 04:35:13
TX-000385,385,4,401,2025-12-29 04:39:08
TX-000405,405,2,303,2025-12-29 06:01:37
TX-000677,677,5,601,2025-12-29 06:57:54
TX-000342,342,1,601,2025-12-29 08:56:33
TX-000722,722,3,207,2025-12-29 09:21:13
TX-001232,1232,4,602,2025-12-29 10:01:05
TX-001232,1579,4,401,2025-12-29 10:03:14
TX-000877,877,6,304,2025-12-29 10:31:02
TX-000337,337,10,205,2025-12-29 12:08:58
TX-000423,423,6,204,2025-12-29 12:38:34
TX-000544,544,3,214,2025-12-29 13:38:42
TX-000361,361,9,403,2025-12-29 15:02:50
TX-000927,927,10,204,2025-12-29 15:48:29
TX-000927,1401,10,201,2025-12-29 15:48:33
TX-000927,1402,10,208,2025-12-29 15:49:58
TX-001180,1180,10,202,2025-12-29 15:58:15
TX-000332,332,2,402,2025-12-29 18:28:44
TX-001157,1157,1,209,2025-12-29 18:50:47
TX-001101,1101,1,207,2025-12-29 19:00:16
TX-000867,867,8,304,2025-12-29 19:18:13
TX-000876,876,4,501,2025-12-29 20:06:12
TX-001223,1223,6,403,2025-12-29 21:46:25
TX-000475,475,9,303,2025-12-29 22:35:55
TX-000054,54,3,302,2025-12-29 23:51:22
TX-000821,821,9,402,2025-12-30 00:55:32
TX-000821,1482,9,212,2025-12-30 00:56:40
TX-000821,1481,9,209,2025-12-30 00:57:15
TX-000339,339,2,304,2025-12-30 02:25:37
TX-000119,119,8,304,2025-12-30 02:27:02
TX-000739,739,10,209,2025-12-30 03:06:40
TX-000651,651,3,402,2025-12-30 03:10:46
TX-000181,181,2,402,2025-12-30 03:31:48
TX-000646,646,2,209,2025-12-30 04:06:35
TX-000646,1473,2,402,2025-12-30 04:08:40
TX-000996,996,1,202,2025-12-30 04:15:00
TX-001359,1359,9,209,2025-12-30 04:22:28
TX-001017,1017,1,301,2025-12-30 04:37:19
TX-000008,8,6,213,2025-12-30 05:51:14
TX-000145,145,1,401,2025-12-30 06:36:42
TX-000858,858,2,404,2025-12-30 10:01:41
TX-001257,1257,10,203,2025-12-30 10:39:19
TX-001242,1242,8,403,2025-12-30 10:52:52
TX-000450,450,2,402,2025-12-30 11:32:26
TX-000879,879,8,303,2025-12-30 11:50:11
TX-000427,427,7,213,2025-12-30 11:57:16
TX-000027,27,5,401,2025-12-30 12:21:09
TX-000479,479,2,209,2025-12-30 12:41:15
TX-000479,1458,2,404,2025-12-30 12:43:00
TX-000293,293,6,301,2025-12-30 14:41:11
TX-000203,203,6,204,2025-12-30 17:17:39
TX-000755,755,4,202,2025-12-30 18:41:02
TX-000601,601,2,301,2025-12-30 18:52:06
TX-000601,1620,2,207,2025-12-30 18:54:39
TX-000465,465,1,205,2025-12-30 20:54:27
TX-000745,745,6,207,2025-12-30 21:23:44
TX-000388,388,1,202,2025-12-30 21:26:10
TX-001082,1082,5,208,2025-12-30 21:28:04
TX-000875,875,2,211,2025-12-30 21:46:22
TX-000859,859,2,602,2025-12-30 22:10:58
TX-000859,1532,2,402,2025-12-30 22:11:50
TX-000898,898,1,501,2025-12-30 22:48:08
TX-000764,764,6,209,2025-12-31 00:09:43
TX-001053,1053,8,301,2025-12-31 02:38:05
TX-001308,1308,4,304,2025-12-31 02:59:05
TX-000130,130,10,501,2025-12-31 03:38:00
TX-000130,1444,10,207,2025-12-31 03:39:05
TX-000561,561,1,213,2025-12-31 03:40:14
TX-001047,1047,4,402,2025-12-31 03:56:24
TX-000379,379,4,304,2025-12-31 04:10:42
TX-000379,1411,4,214,2025-12-31 04:12:46
TX-000777,777,2,501,2025-12-31 05:08:57
TX-001351,1351,6,211,2025-12-31 09:40:14
TX-000315,315,1,208,2025-12-31 10:01:04
TX-000940,940,1,404,2025-12-31 10:06:55
TX-000929,929,1,208,2025-12-31 10:49:01
TX-000929,1584,1,209,2025-12-31 10:49:49
TX-001261,1261,5,303,2025-12-31 11:15:14
TX-001261,1435,5,202,2025-12-31 11:17:28
TX-001261,1436,5,207,2025-12-31 11:17:37
TX-001209,1209,8,205,2025-12-31 13:43:41
TX-001222,1222,10,206,2025-12-31 13:47:17
TX-001222,1618,10,401,2025-12-31 13:49:07
TX-000279,279,3,204,2025-12-31 14:04:59
TX-000648,648,9,602,2025-12-31 14:50:29
TX-000335,335,1,213,2025-12-31 18:23:04
TX-000837,837,2,213,2025-12-31 19:06:19
TX-001077,1077,2,207,2025-12-31 20:16:46
TX-001244,1244,2,213,2025-12-31 21:41:10
TX-000681,681,3,502,2025-12-31 22:34:43
TX-000044,44,9,201,2026-01-01 01:11:17
TX-000219,219,10,301,2026-01-01 02:02:34
TX-000685,685,8,205,2026-01-01 06:12:20
TX-001208,1208,3,403,2026-01-01 06:18:22
TX-000312,312,4,501,2026-01-01 06:50:47
TX-000183,183,5,205,2026-01-01 07:36:53
TX-001122,1122,2,203,2026-01-01 14:00:58
TX-001069,1069,3,206,2026-01-01 14:35:26
TX-000779,779,3,501,2026-01-01 15:15:00
TX-001186,1186,4,301,2026-01-01 15:20:26
TX-000229,229,8,401,2026-01-01 15:45:52
TX-000171,171,3,204,2026-01-01 16:16:48
TX-000171,1470,3,205,2026-01-01 16:19:07
TX-000171,1471,3,301,2026-01-01 16:19:12
TX-000448,448,6,211,2026-01-01 16:39:14
TX-000489,489,9,208,2026-01-01 17:53:32
TX-000489,1615,9,302,2026-01-01 17:55:21
TX-001224,1224,1,213,2026-01-01 17:59:30
TX-000451,451,4,201,2026-01-01 19:10:31
TX-000265,265,5,202,2026-01-01 19:40:15
TX-000232,232,2,304,2026-01-01 19:52:54
TX-000094,94,2,201,2026-01-01 20:36:32
TX-000118,118,1,211,2026-01-01 21:00:20
TX-001106,1106,2,201,2026-01-01 21:17:42
TX-000552,552,9,213,2026-01-01 21:35:12
TX-001028,1028,2,301,2026-01-01 21:46:59
TX-000634,634,9,304,2026-01-01 22:04:15
TX-000551,551,1,401,2026-01-01 22:14:16
TX-000481,481,1,301,2026-01-02 00:08:26
TX-000844,844,4,209,2026-01-02 01:12:53
TX-000770,770,2,601,2026-01-02 02:06:16
TX-000756,756,6,214,2026-01-02 04:31:14
TX-000756,1581,6,202,2026-01-02 04:32:41
TX-000756,1580,6,211,2026-01-02 04:33:56
TX-000801,801,2,404,2026-01-02 05:03:25
TX-000589,589,6,502,2026-01-02 05:34:29
TX-000515,515,6,203,2026-01-02 06:02:05
TX-000179,179,1,602,2026-01-02 06:13:00
TX-000179,1507,1,213,2026-01-02 06:14:12
TX-001400,1400,1,204,2026-01-02 06:26:58
TX-001309,1309,2,211,2026-01-02 06:40:16
TX-000190,190,1,202,2026-01-02 07:09:33
TX-001099,1099,8,302,2026-01-02 07:14:42
TX-001325,1325,4,301,2026-01-02 07:55:23
TX-000597,597,10,206,2026-01-02 08:01:17
TX-001021,1021,3,205,2026-01-02 10:16:09
TX-000150,150,1,202,2026-01-02 10:28:36
TX-000150,1500,1,213,2026-01-02 10:28:41
TX-000150,1499,1,203,2026-01-02 10:31:35
TX-001183,1183,9,403,2026-01-02 10:43:22
TX-000746,746,4,402,2026-01-02 12:26:26
TX-000398,398,7,211,2026-01-02 12:46:22
TX-001366,1366,10,304,2026-01-02 13:08:56
TX-000861,861,2,206,2026-01-02 16:11:17
TX-000558,558,1,502,2026-01-02 17:08:05
TX-000841,841,7,214,2026-01-02 17:11:19
TX-000883,883,8,301,2026-01-02 17:13:19
TX-000985,985,6,203,2026-01-02 18:11:33
TX-000529,529,5,203,2026-01-02 18:35:58
TX-000529,1562,5,302,2026-01-02 18:37:45
TX-000529,1563,5,202,2026-01-02 18:38:17
TX-001263,1263,6,201,2026-01-02 19:37:07
TX-000670,670,10,303,2026-01-02 20:04:58
TX-001231,1231,1,214,2026-01-02 20:33:43
TX-001374,1374,1,404,2026-01-02 21:28:13
TX-001213,1213,6,304,2026-01-02 21:50:10
TX-000579,579,3,402,2026-01-02 22:06:41
TX-000471,471,10,211,2026-01-02 22:54:03
TX-001027,1027,4,602,2026-01-02 22:54:10
TX-000471,1474,10,209,2026-01-02 22:54:26
TX-000917,917,3,403,2026-01-02 23:04:47
TX-000917,1527,3,203,2026-01-02 23:06:32
TX-000917,1526,3,211,2026-01-02 23:07:29
TX-001398,1398,6,404,2026-01-02 23:26:27
TX-000228,228,2,208,2026-01-03 01:01:54
TX-000377,377,4,214,2026-01-03 01:56:06
TX-001061,1061,2,601,2026-01-03 03:24:04
TX-000476,476,7,403,2026-01-03 06:34:55
TX-000421,421,3,202,2026-01-03 07:13:44
TX-000640,640,6,201,2026-01-03 08:26:54
TX-001156,1156,8,201,2026-01-03 08:31:11
TX-001162,1162,4,601,2026-01-03 08:52:07
TX-000319,319,2,402,2026-01-03 11:11:52
TX-000382,382,9,403,2026-01-03 12:17:37
TX-000382,1418,9,209,2026-01-03 12:19:53
TX-000014,14,6,214,2026-01-03 12:52:55
TX-000391,391,8,401,2026-01-03 12:58:01
TX-000391,1529,8,602,2026-01-03 13:00:38
TX-000870,870,1,207,2026-01-03 13:05:45
TX-000468,468,1,202,2026-01-03 13:14:48
TX-000468,1594,1,208,2026-01-03 13:16:51
TX-001378,1378,8,211,2026-01-03 13:41:17
TX-000944,944,4,205,2026-01-03 13:46:13
TX-000649,649,10,404,2026-01-03 14:52:26
TX-001126,1126,5,211,2026-01-03 15:26:47
TX-000530,530,7,206,2026-01-03 16:07:32
TX-001105,1105,7,205,2026-01-03 17:12:57
TX-000306,306,7,304,2026-01-03 18:03:25
TX-000693,693,9,208,2026-01-03 19:32:57
TX-001002,1002,10,206,2026-01-03 20:51:49
TX-000170,170,4,402,2026-01-03 21:10:05
TX-000480,480,2,203,2026-01-03 22:13:21
TX-000631,631,1,207,2026-01-03 23:11:10
TX-000657,657,10,401,2026-01-03 23:54:44
TX-001274,1274,1,401,2026-01-04 00:47:04
TX-001384,1384,7,303,2026-01-04 03:07:07
TX-000556,556,4,601,2026-01-04 04:07:17
TX-000079,79,9,501,2026-01-04 04:53:13
TX-001334,1334,4,209,2026-01-04 06:53:25
TX-001073,1073,1,601,2026-01-04 07:11:13
TX-001057,1057,1,214,2026-01-04 08:19:58
TX-000692,692,8,214,2026-01-04 08:38:52
TX-001127,1127,6,213,2026-01-04 08:46:24
TX-001240,1240,7,501,2026-01-04 08:49:55
TX-000554,554,4,212,2026-01-04 09:58:34
TX-001241,1241,6,401,2026-01-04 10:23:08
TX-001239,1239,9,601,2026-01-04 12:48:23
TX-001004,1004,9,204,2026-01-04 13:09:11
TX-000708,708,4,209,2026-01-04 15:08:46
TX-000915,915,6,602,2026-01-04 15:26:47
TX-000915,1421,6,208,2026-01-04 15:27:22
TX-000915,1422,6,301,2026-01-04 15:28:47
TX-000108,108,2,209,2026-01-04 16:20:18
TX-000108,1493,2,301,2026-01-04 16:21:07
TX-001114,1114,9,205,2026-01-04 16:33:57
TX-000445,445,6,201,2026-01-04 16:45:06
TX-000735,735,6,214,2026-01-04 17:56:16
TX-001086,1086,10,209,2026-01-04 19:02:28
TX-000990,990,3,404,2026-01-04 19:48:55
TX-000362,362,10,207,2026-01-04 20:42:31
TX-000431,431,7,208,2026-01-04 21:13:43
TX-000701,701,10,404,2026-01-04 21:59:45
TX-000673,673,8,402,2026-01-04 22:15:23
TX-000582,582,3,206,2026-01-04 23:36:08
TX-001056,1056,9,602,2026-01-05 00:02:26
TX-000154,154,1,301,2026-01-05 00:56:06
TX-001107,1107,7,304,2026-01-05 00:59:38
TX-001256,1256,3,601,2026-01-05 01:54:57
TX-000547,547,1,209,2026-01-05 01:55:41
TX-000553,553,5,209,2026-01-05 02:43:11
TX-000553,1505,5,214,2026-01-05 02:43:14
TX-000559,559,1,602,2026-01-05 03:59:08
TX-001292,1292,8,206,2026-01-05 04:18:15
TX-000132,132,10,214,2026-01-05 05:37:59
TX-001003,1003,8,502,2026-01-05 06:41:20
TX-000652,652,3,206,2026-01-05 07:10:18
TX-000406,406,4,208,2026-01-05 07:21:45
TX-000412,412,10,207,2026-01-05 08:05:54
TX-000030,30,1,206,2026-01-05 08:51:32
TX-000035,35,9,205,2026-01-05 09:09:39
TX-000035,1488,9,203,2026-01-05 09:11:30
TX-000035,1489,9,213,2026-01-05 09:11:40
TX-000002,2,10,301,2026-01-05 09:20:35
TX-000002,1490,10,211,2026-01-05 09:22:49
TX-001381,1381,5,602,2026-01-05 10:23:13
TX-000260,260,7,204,2026-01-05 10:36:19
TX-001034,1034,3,213,2026-01-05 11:46:59
TX-000221,221,8,203,2026-01-05 12:05:28
TX-000221,1483,8,207,2026-01-05 12:06:31
TX-000299,299,1,403,2026-01-05 12:58:42
TX-000231,231,4,209,2026-01-05 14:01:40
TX-001369,1369,1,404,2026-01-05 14:04:30
TX-000300,300,6,401,2026-01-05 14:11:05
TX-000300,1557,6,303,2026-01-05 14:11:27
TX-000594,594,3,207,2026-01-05 14:44:51
TX-001013,1013,3,302,2026-01-05 15:01:22
TX-000216,216,6,601,2026-01-05 15:26:22
TX-001220,1220,8,204,2026-01-05 16:25:29
TX-001220,1430,8,212,2026-01-05 16:27:57
TX-000365,365,6,602,2026-01-05 17:39:22
TX-000272,272,4,209,2026-01-05 18:12:03
TX-000886,886,5,205,2026-01-05 18:54:40
TX-001097,1097,3,212,2026-01-05 19:00:47
TX-000358,358,10,211,2026-01-05 19:25:15
TX-000835,835,6,201,2026-01-05 20:43:41
TX-000192,192,9,213,2026-01-05 20:50:15
